{
  "project_info": {
    "project_number": "324960274839",
    "project_id": "shikshasutram",
    "storage_bucket": "shikshasutram.firebasestorage.app"
  },
  "client": [
    {
      "client_info": {
        "mobilesdk_app_id": "1:324960274839:android:3b2c0a2190391409bc9cd2",
        "android_client_info": {
          "package_name": "com.example.dentocoreauth"
        }
      },
      "oauth_client": [],
      "api_key": [
        {
          "current_key": "AIzaSyBeZlTcDM7FVszPzRsFxJbeDAP5cNP9y6s"
        }
      ],
      "services": {
        "appinvite_service": {
          "other_platform_oauth_client": []
        }
      }
    }
  ],
  "configuration_version": "1"
}